FILTERS	VARIANT_ID	MARKERS	CHROM	LOCUS	POS	COL	REF	ALT	SEQUENCE	CALL_RATE	AVG_COUNT_REF	AVG_COUNT_SNP	REP_AVG	ALLELE_SEQUENCE	CHROM_SALMON_V2	CHROM_POS_SALMON_V2	ALN_CNT_SALMON_V2	ALN_EVALUE_SALMON_V2	CHROM_BUTTERFLY_FISH_V_X	CHROM_POS_BUTTERFLY_FISH_V_X	ALN_CNT_BUTTERFLY_FISH_V_X	ALN_EVALUE_BUTTERFLY_FISH_V_X	ONE_RATIO_REF	ONE_RATIO_SNP	FREQ_HOM_REF	FREQ_HOM_SNP	FREQ_HETS	PIC_REF	PIC_SNP	AVG_PIC
filter.monomorphic	2399	CHROM_1__21640143__36	CHROM_1	21640143	36	36	G	C	TGCAGAATTGTAGGTCTGATGATATGACATACAGCTGAGAACCACTGATTTAATACTAGTGCATG	0.951872	21.59813	9	1	TGCAGAATTGTAGGTCTGATGATATGACATACAGCTGAGAACCACTGATTTAATACTAGTGCATGAGAT		0	0	999		0	0	999	1	0.005618	0.994382	0	0.005618	0	0.011173	0.005586
filter.monomorphic	4699	CHROM_1__21642567__57	CHROM_1	21642567	57	57	G	A	TGCAGCTTGTTCTCTGGCTGAATCTGTGCAGCAGTTCATGGTGACCCGTCAACACACGTTCTGCAAATC	1	6.23451	4	1	TGCAGCTTGTTCTCTGGCTGAATCTGTGCAGCAGTTCATGGTGACCCGTCAACACACGTTCTGCAAATC		0	0	999		0	0	999	0.994652	0.005348	0.994652	0.005348	0	0.010638	0.010638	0.010638
filter.monomorphic	6723	CHROM_1__21644715__61	CHROM_1	21644715	61	61	T	T	TGCAGTTAATATGAAGTATTTCATTTTGGCTCACAGTTTTGTCATTCATCCTGTCAGTGTTTCCTCAGG	1	43.21586	88	1	TGCAGTTAATATGAAGTATTTCATTTTGGCTCACAGTTTTGTCATTCATCCTGTCAGTGTTTCCTCAGG		0	0	999		0	0	999	1	0.005348	0.994652	0	0.005348	0	0.010638	0.005319
filter.monomorphic	6824	CHROM_1__21644818__39	CHROM_1	21644818	39	39	A	A	TGCAGTTCCCTTTAGGTCTATGGGGTGTTACAGTGACTTATAACTTATTGTGTTAGTTTTACGGCATGA	0.893048	28.00495	57	1	TGCAGTTCCCTTTAGGTCTATGGGGTGTTACAGTGACTTATAACTTATTGTGTTAGTTTTACGGCATGA		0	0	999		0	0	999	1	0.005988	0.994012	0	0.005988	0	0.011904	0.005952
filter.monomorphic	6919	CHROM_1__21644916__40	CHROM_1	21644916	40	40	T	T	TGCAGTTTAAATAGCAAGTTGGAGCCATAGATGGTGTATTTAATAGGGTGAAGCCCTATTTAATATATG	0.97861	3.92694	4	1	TGCAGTTTAAATAGCAAGTTGGAGCCATAGATGGTGTATTTAATAGGGTGAAGCCCTATTTAATATATG		0	0	999		0	0	999	1	0.005464	0.994536	0	0.005464	0	0.010869	0.005435
filter.monomorphic	8299	CHROM_1__21646529__42	CHROM_1	21646529	42	42	C	G	TGCAGGCGTTTGGCTGCTGGGAAAGAGATCCTGTTTCTCTCTCCAAACTAGGAGCATG	0.860963	41.21354	17	1	TGCAGGCGTTTGGCTGCTGGGAAAGAGATCCTGTTTCTCTCTCCAAACTAGGAGCATGAGATCGGAAGA		0	0	999		0	0	999	0.993789	0.006211	0.993789	0.006211	0	0.012345	0.012345	0.012345
filter.monomorphic	8748	CHROM_1__21647013__13	CHROM_1	21647013	13	13	T	T	TGCAGTTTAAAGTTGTTATTCCTTTTATTAAGACTTGAAGTAGTGCATG	1	41.82379	92	1	TGCAGTTTAAAGTTGTTATTCCTTTTATTAAGACTTGAAGTAGTGCATGAGATCGGAAGAGCGGTTCAG		0	0	999		0	0	999	1	0.005348	0.994652	0	0.005348	0	0.010638	0.005319
filter.monomorphic	8768	CHROM_1__21647033__23	CHROM_1	21647033	23	23	T	T	TGCAGTTTGCCCACAAGTTTTTCTGGGCATG	1	52.48018	63	1	TGCAGTTTGCCCACAAGTTTTTCTGGGCATGAGATCGGAAGAGCGGTTCAGCAGGAATGCCGAGACCGA		0	0	999		0	0	999	1	0.005348	0.994652	0	0.005348	0	0.010638	0.005319
filter.monomorphic	8790	CHROM_1__21647056__45	CHROM_1	21647056	45	45	A	A	TGCAGTTTTGAAGTCATCGTGACACCTGAGGCCACTCGCAGAAGAAAGAGCGCATG	1	74.34802	91	1	TGCAGTTTTGAAGTCATCGTGACACCTGAGGCCACTCGCAGAAGAAAGAGCGCATGAGATCGGAAGAGC		0	0	999		0	0	999	1	0.005348	0.994652	0	0.005348	0	0.010638	0.005319
filter.monomorphic	12559	CHROM_1__21650032__47	CHROM_1	21650032	47	47	A	C	TGCAGTAACAGAACCTGAACTTGTACTGGATGAATTTTAGACAAAGGATGGATGGTTCGGACAGATTTA	0.973262	32.28182	17	1	TGCAGTAACAGAACCTGAACTTGTACTGGATGAATTTTAGACAAAGGATGGATGGTTCGGACAGATTTA		0	0	999		0	0	999	1	0.005495	0.994505	0	0.005495	0	0.010929	0.005464
filter.monomorphic	12755	CHROM_1__21650182__20	CHROM_1	21650182	20	20	A	A	TGCAGTATACAGGGTAACCTAACCTCACGGGCATCAACAGGTGAACTAGAATAAAGAATGTGTCTGTTG	0.97861	3.57919	4	1	TGCAGTATACAGGGTAACCTAACCTCACGGGCATCAACAGGTGAACTAGAATAAAGAATGTGTCTGTTG		0	0	999		0	0	999	1	0.005464	0.994536	0	0.005464	0	0.010869	0.005435
filter.monomorphic	13670	CHROM_1__21650870__25	CHROM_1	21650870	25	25	A	A	TGCAGTTGTATATGGGATTAATCAAACTAATTAGTTATCAGTCATGCTGATGAATAATAGAGTGAGTCA	0.834225	3.70652	11	1	TGCAGTTGTATATGGGATTAATCAAACTAATTAGTTATCAGTCATGCTGATGAATAATAGAGTGAGTCA		0	0	999		0	0	999	0.99359	0.00641	0.99359	0.00641	0	0.012738	0.012738	0.012738
filter.monomorphic	13692	CHROM_1__21650885__33	CHROM_1	21650885	33	33	C	T	TGCAGTTGTTGTTGTAGAACCCACTGTTGTTGTCGGAGCTGCACTTGTTGTGGAACTCACAGTTGTTGT	0.679144	10.33803	3	1	TGCAGTTGTTGTTGTAGAACCCACTGTTGTTGTCGGAGCTGCACTTGTTGTGGAACTCACAGTTGTTGT		0	0	999		0	0	999	1	0.007874	0.992126	0	0.007874	0	0.015624	0.007812
filter.monomorphic	15699	CHROM_1__21652507__37	CHROM_1	21652507	37	37	A	G	TGCAGAGCATACAGAGCCAAGTAACAGACTGACCTCAAGAGAGGAAGGGAAAAAACACAAATTGATCAA	1	11.90749	4	1	TGCAGAGCATACAGAGCCAAGTAACAGACTGACCTCAAGAGAGGAAGGGAAAAAACACAAATTGATCAA		0	0	999		0	0	999	1	0.005348	0.994652	0	0.005348	0	0.010638	0.005319
filter.monomorphic	17796	CHROM_1__21653899__52	CHROM_1	21653899	52	52	T	T	TGCAGTGAAGTGTGTGTGACCAGCAAACACTAATATTAGACCGGTCACTGCTTTGAGTCACAGAACGCT	0.967914	18.88991	20	1	TGCAGTGAAGTGTGTGTGACCAGCAAACACTAATATTAGACCGGTCACTGCTTTGAGTCACAGAACGCT		0	0	999		0	0	999	0.994475	0.005525	0.994475	0.005525	0	0.010989	0.010989	0.010989
filter.monomorphic	18267	CHROM_1__21654193__33	CHROM_1	21654193	33	33	A	T	TGCAGTTTTTTTCATGGAGGGCAGGCTGCAGAGAGGAGGTGTGGAGGAGAGGAGAGAGGTGAAACACTA	0.71123	19.66225	17	1	TGCAGTTTTTTTCATGGAGGGCAGGCTGCAGAGAGGAGGTGTGGAGGAGAGGAGAGAGGTGAAACACTA		0	0	999		0	0	999	1	0.007519	0.992481	0	0.007519	0	0.014925	0.007462
filter.monomorphic	19815	CHROM_1__21655249__62	CHROM_1	21655249	62	62	A	A	TGCAGCTTCTGCGGGTAGTTTCTAGGTAATAGCACAGTTTCAGTGCATGTGTGAATAGGACAACAGCAT	0.962567	4.14019	6	1	TGCAGCTTCTGCGGGTAGTTTCTAGGTAATAGCACAGTTTCAGTGCATGTGTGAATAGGACAACAGCAT		0	0	999		0	0	999	1	0.005556	0.994444	0	0.005556	0	0.011049	0.005525
filter.monomorphic	20280	CHROM_1__21655543__66	CHROM_1	21655543	66	66	G	A	TGCAGTCCGTAATGTATAAAAAACATTACTTTCGATACCATGGCAAAAGGGACACACAAGACGTACGCT	0.973262	5.30909	4	1	TGCAGTCCGTAATGTATAAAAAACATTACTTTCGATACCATGGCAAAAGGGACACACAAGACGTACGCT		0	0	999		0	0	999	1	0.005495	0.994505	0	0.005495	0	0.010929	0.005464
filter.monomorphic	20421	CHROM_1__21655635__68	CHROM_1	21655635	68	68	G	A	TGCAGTTCAGACCTGTCTCCCATTGAAAATATGTGGTGTATTATGAAGCACAAAATCCGACAAAATGCG	0.97861	5.14027	3	1	TGCAGTTCAGACCTGTCTCCCATTGAAAATATGTGGTGTATTATGAAGCACAAAATCCGACAAAATGCG		0	0	999		0	0	999	0.994536	0.005464	0.994536	0.005464	0	0.010869	0.010869	0.010869
filter.monomorphic	22069	CHROM_1__21656711__14	CHROM_1	21656711	14	14	G	T	TGCAGTGGTCAAATGGGTGAAATATCTCACACACTATTGGGGGGGGGGCAGTGCTGAACGTGGTGTCTG	0.764706	6.2515	6	1	TGCAGTGGTCAAATGGGTGAAATATCTCACACACTATTGGGGGGGGGGCAGTGCTGAACGTGGTGTCTG		0	0	999		0	0	999	0.993007	0.006993	0.993007	0.006993	0	0.013888	0.013888	0.013888
filter.monomorphic	22832	CHROM_1__21657295__50	CHROM_1	21657295	50	50	T	C	TGCAGGTATTGAGATGTTAATTGTGACAGGATAGCAAACTCTTTCAAAGATTCTGTTCTCTCTAACATG	1	10.40265	3	1	TGCAGGTATTGAGATGTTAATTGTGACAGGATAGCAAACTCTTTCAAAGATTCTGTTCTCTCTAACATG		0	0	999		0	0	999	1	0.005348	0.994652	0	0.005348	0	0.010638	0.005319
filter.monomorphic	22833	CHROM_1__21657296__40	CHROM_1	21657296	40	40	C	T	TGCAGGTATTGAGATGTTAATTGTGACAGGATAGCAAACTCTTTCAAAGACTCTGCTCTCTCTACCATG	0.946524	4.92925	3	1	TGCAGGTATTGAGATGTTAATTGTGACAGGATAGCAAACTCTTTCAAAGACTCTGCTCTCTCTACCATG		0	0	999		0	0	999	1	0.00565	0.99435	0	0.00565	0	0.011236	0.005618
